{
  "num_examples": 162,
  "accuracy": 0.4876543209876543,
  "precision": 0.49044585987261147,
  "recall": 0.9625,
  "auc": 0.5623475609756097,
  "f1": 0.649789029535865,
  "confusion_matrix": [
    [
      2,
      80
    ],
    [
      3,
      77
    ]
  ]
}